group,value
control,14.40154353912758
control,7.424767260419701
control,9.161222046446364
control,9.630489156966789
control,7.073548688106182
control,6.468420933105337
control,12.157280879966248
control,7.212336382231287
control,10.890802763583535
control,8.14801006995992
control,9.483499552664423
control,12.212386998461332
control,10.317976113886264
control,11.391480505290854
control,11.792934617021311
control,10.935678092501536
control,10.19570570628889
control,10.889350311084726
control,9.493020747331755
control,6.24160157167159
control,9.604777971565502
control,11.130343220998613
control,12.047116078377723
control,11.54845453292655
control,4.411231945207059
control,8.869799452332792
control,12.60007265724677
control,9.937387143923882
control,8.310312912373027
control,8.897654513884746
control,13.228112128465634
control,12.054294021059318
control,13.143659835461195
control,11.458840835818911
control,7.36482627448431
control,13.035866735902536
control,8.580473122086913
control,9.694786783779957
control,10.00642429199583
control,7.630167306348042
control,11.705187083318878
control,12.802041005622263
control,8.65652320142404
control,11.158788899697226
control,11.895098570997511
control,7.185068800937691
control,8.40611230417612
control,5.859310476475161
control,9.769767456101954
control,9.459372121258985
control,10.757588625059178
control,8.71718751343818
control,12.481640762209663
control,9.915254736474035
control,13.712814843269488
control,3.889518218965299
control,13.28415019712435
control,8.490662658793447
control,13.193665636857196
control,10.23245915053004
control,13.554316086285162
control,7.127063615601333
control,7.708437509785604
control,5.075847216166219
control,11.830365620580883
control,8.273015802250734
control,10.593369752267773
control,10.89785905751315
control,13.653569993252082
control,8.861402003331992
control,9.909633777392562
control,8.589510239647193
control,9.935064534654577
control,11.665097843316355
control,9.666663082083964
control,8.010169958672977
control,10.20524704052623
control,11.222253540300397
control,12.546526022780139
control,13.27944367713362
control,11.735695742857192
control,12.70752481444337
control,12.991690502986614
control,6.068140582702172
control,9.84214701777546
control,11.619529005060429
control,12.24479833309016
control,6.322255196862702
control,9.820559791513944
control,7.154961813273926
control,10.46580368974968
control,11.129278394225926
control,9.716371454802852
control,8.60703071332804
control,9.13198945031665
control,14.165506746952513
control,7.919636052449969
control,13.19915021779719
control,10.839955955425797
control,7.712252467743686
control,14.097949044201279
control,10.844820531105142
control,12.461082770067538
control,12.526800905883231
control,10.073856165927928
control,9.832873528624628
control,9.05244774934751
control,13.467598328796422
control,10.27558520573709
control,11.535514864698136
control,11.14632222104256
control,9.736005025527609
control,12.33908583955752
control,9.057678346539518
control,8.324946002299228
control,12.66663965715481
control,10.738841783221673
control,9.122622679415267
control,10.491604904452773
control,11.001076547574643
control,4.604212710395951
control,10.87114442842617
control,8.898316294092076
control,10.037810128537352
control,14.684666743819182
control,9.927957654312499
control,9.94827410080914
control,9.007301121507002
control,10.21307819895982
control,10.63423464355288
control,13.989204289957929
control,10.400482548353036
control,8.513806903548671
control,15.751091407080875
control,8.259724385801304
control,11.292436097649452
control,11.658588213407947
control,9.016282409185617
control,10.200164031087638
control,10.57849465588265
control,9.972836432290084
control,12.558805238951324
control,11.721483602898923
control,11.748284414277032
control,7.595190694171483
control,12.480806490363058
control,10.121173958721212
control,9.924279666396387
control,8.910088854878985
control,14.34513538269539
control,9.77311209845432
control,11.620037455286615
control,5.987261905036792
control,6.168420720530566
control,15.768550314361086
control,8.19878121177791
control,6.097487266457989
control,8.282969830552023
control,13.532233662292654
control,10.25659334193295
control,16.37422646390467
control,9.454611483679752
control,12.819759846937878
control,12.096623071325233
control,7.123224329820479
control,9.637545624238616
control,14.166969884726406
control,10.18268239825143
control,10.313368259376222
control,10.297335132735274
control,9.765245924076048
control,12.535918599655123
control,5.28090063220795
control,7.419419095398774
control,10.907237615691075
control,7.51570371690471
control,13.553434090339865
control,9.074467267919172
control,7.85932972646066
control,10.434720036878135
control,8.69978464153894
control,11.930085149929404
control,14.083150171304542
control,10.205521980764427
control,9.716500580117723
control,7.8376630114525545
control,9.865880526734284
control,7.913579764327531
control,10.495471330708035
control,12.7115012242869
control,6.8491129796925065
control,12.02727633726846
control,10.310200550968837
control,9.2882091748743
control,11.3446552163122
control,9.33830712383872
control,9.73713703477376
control,12.171829637290397
control,13.309754707878175
control,8.175443082177642
control,7.017282334161109
control,9.361347361974998
control,12.29696615131294
control,11.627117472009754
control,8.230264552409075
control,10.450170229267846
control,11.542625967296837
control,9.489825981494292
control,11.306268078899645
control,11.019756735764329
control,8.754831485595416
control,9.156248574136905
control,9.207478855162066
control,9.873782676017123
control,7.421104521242021
control,8.407550864434803
control,9.230373417200747
control,8.057119306438508
control,8.24470833045829
control,10.1490139402659
control,7.050538345621952
control,5.458824838362361
control,11.22320853917957
control,12.274798426614941
control,7.805914732001228
control,8.850232349079633
control,9.980679327852897
control,8.185072199420418
control,8.831500541304543
control,8.99858420813736
control,13.501191188405688
control,11.455745823833272
control,9.273953687499782
control,12.085699626162679
control,10.319124933564792
control,8.559349728868897
control,9.797639373489773
control,8.2427172812643
control,11.83722913329369
control,9.285150601563961
control,10.88570721735604
control,11.160239343859683
control,10.150093439519852
control,10.218521017871048
control,11.782708379198995
control,11.690431008704396
control,11.106742597794687
control,11.075875846831671
control,9.891429569807666
control,6.4344375473345945
control,9.648036719220316
control,9.684687565231235
control,10.441237331250184
control,10.273268169289071
control,7.752202337692539
control,8.169007196639829
control,12.98986029027326
control,10.782237675136495
control,11.250467835579178
control,14.230750017010926
control,9.715322386741985
control,12.010066699365169
control,9.539890292086643
control,11.09897658895554
control,10.932569567938742
control,8.526942517057986
control,9.100392609574037
control,12.817597788727824
control,9.259755323028589
control,11.609136945623364
control,11.044851589992787
control,10.476700403743543
control,8.336384305014453
control,11.744240648990568
control,7.631710144235527
control,9.154159634881816
control,11.979625428803734
control,6.849718881271555
control,8.74988599303818
control,9.599731837871426
control,8.970497168499255
control,12.180621863945142
control,14.530825638771926
control,4.90824062075114
control,9.29768499931985
control,9.436113637985969
control,7.936639471199654
control,9.934327353750266
control,12.945012824144868
control,6.690191724606262
control,7.959311701685813
control,7.111400581495355
control,9.284629042584873
control,10.003413076747707
control,8.652545019920046
control,11.318914203879592
control,12.909372859615889
control,9.650949547319975
control,11.629210993092972
control,9.631119503562088
control,8.54489808921846
control,9.761742821382388
control,10.310278377370883
control,6.398181284915553
control,5.815520404819343
control,11.559238720959202
control,9.1046081636576
control,12.09177852877756
control,8.717553016779044
control,10.183964585352502
control,7.6223806360118065
control,8.581696424187575
control,12.240988174516682
control,8.607993716467139
control,9.621525772048821
control,9.856892193623889
control,9.61702423271019
control,8.04140146136947
control,12.544871795179361
control,10.551156400652623
control,10.718458821948282
control,10.233347212881581
control,9.48695103727384
control,9.701470107086097
control,6.923718181453808
control,8.983375344511952
control,11.048789868887987
control,12.588334761334266
control,9.035696868132788
control,12.931677625716713
control,11.031157023891172
control,11.561858731637797
control,9.63010905724326
control,11.644492488036336
control,9.260284870111146
control,5.2689543828931145
control,10.281968299674057
control,9.122522829979093
control,12.960120315795802
control,11.33798942223754
control,10.605542271573425
control,9.164857628131983
control,8.858825074644376
control,9.93699235997821
control,10.8418241557508
control,10.424845597410432
control,11.069927154508767
control,12.264020978612024
control,10.000029240517097
control,7.879771390561704
control,10.189823947341864
control,8.75170080886778
control,8.01325839690339
control,10.888767312079557
control,7.301770329565731
control,10.648625220038692
control,6.8465412320168815
control,8.853439772568755
control,10.609658120009279
control,11.45505754014489
control,12.100704252048677
control,10.620243605367564
control,10.248047907956616
control,7.332064357663828
control,10.032797002295808
control,7.477126539844903
control,8.409670140991585
control,9.370367557016708
control,9.497721325007088
control,12.889081234670513
control,7.450737048322386
control,11.162003212825775
control,10.578173034778665
control,11.115563104548936
control,8.912902227666503
control,8.279264487623143
control,10.367727613566483
control,12.040933484094792
control,7.574172543900858
control,7.931690974275119
control,7.832056586080718
control,9.036342303835482
control,10.842055342541542
control,12.20340451779568
control,13.232268762014135
control,9.057721120310614
control,9.202208806749448
control,12.234144705189372
control,11.758794511069402
control,7.83735342496485
control,11.595419194043977
control,6.929406383641627
control,10.771043553211571
control,9.852617978744338
control,11.698826146476437
control,9.798742678841391
control,9.080516668477248
control,5.647664888580957
control,8.352473078372615
control,8.570687172334267
control,8.722028615339491
control,10.140386211113329
control,9.832673340735948
control,3.8601096416758613
control,8.037581035515627
control,9.918835638837585
control,9.868302115457963
control,13.018285519749469
control,10.0963998987596
control,9.027393310226634
control,6.930989704826415
control,10.916153444229305
control,11.570926137250563
control,9.933171260214817
control,10.124055071462102
control,12.694837268633007
control,8.462866847234352
control,12.482972025188669
control,11.813019935848354
control,9.38108461873327
control,7.035284606809004
control,13.004519510024332
control,8.657465304896625
control,11.739638094334293
control,7.262491685071623
control,9.066089131588308
control,12.834898587938017
control,12.484511118913828
control,6.0474444624616455
control,8.612520569954413
control,5.946739938603761
control,9.790208409317419
control,9.642002867466491
control,14.375732126785524
control,11.700303367684784
control,10.749410793764683
control,12.978921774674692
control,9.917352114169946
control,10.062231776166078
control,10.468490040102974
control,10.593973615284
control,14.80550532946398
control,10.624972030726191
control,12.124550765694435
control,10.588656103352262
control,8.74523121259359
control,11.398414193143664
control,7.959724973929748
control,9.771637359382167
control,10.031602387851619
control,7.7961532696877125
control,13.743000992732725
control,11.42800181382968
control,9.163710532310931
control,10.660008129120975
control,11.126390298046212
control,11.420515389772747
control,5.873680059118227
control,11.875251280390241
control,9.978175400968512
control,9.577680329393484
control,10.120169118747931
control,10.157878910118411
control,9.309150159435978
control,8.392477191135024
control,9.946786704624726
control,9.108835455288972
control,10.34547012213867
control,10.62408873223954
control,11.79580099902325
control,10.725115396307578
control,10.782006303469434
control,7.165531753146527
control,8.102381373314707
control,11.484830558378462
control,12.70204385760228
control,6.624112599309159
control,8.658828293460651
control,12.274222894931755
control,8.920911162427206
control,8.770813218090565
control,11.285935251884023
control,9.59951988167881
control,7.682334720079574
control,10.337466063116398
control,9.08638060372909
control,8.968653953710927
control,11.091830500060542
control,12.7104371250102
control,10.244948096522272
control,6.3645080328366515
control,8.40394459370221
control,10.238777142637772
control,13.68470107916216
control,7.216447242615506
control,7.097575714362675
control,7.915362001904933
control,11.312857905335441
control,9.579600390581607
control,8.06541669283849
control,4.997974924813287
control,8.281746911498018
control,11.077450565024476
control,9.220165892255883
control,11.04805692538997
control,9.670692790544809
control,10.848630239222288
control,12.3378255696649
control,8.724517315505514
control,10.405988789283677
control,10.301509913284004
control,9.776209384101511
control,10.047509377593487
control,10.248259201979312
control,10.262756671455227
control,11.997463892930497
control,13.20103593953812
control,11.216151268082914
control,4.576705078266907
control,8.078781768039065
control,11.28327031794467
control,11.977432557126022
control,13.220046140485692
control,9.884720848685005
control,12.010470636458876
control,11.450557851896942
control,11.132838286392175
control,8.54296565350519
control,7.592760768779124
control,11.071553617168833
control,7.402208187117938
control,10.12677317004734
control,12.395277467162602
control,13.819848068143006
control,9.071405262929968
control,10.705579089229406
control,11.921281468078636
control,10.10147051744572
control,9.992214417034686
control,8.708555241314162
control,10.92678565106895
control,8.816340643218988
control,11.016436648668417
control,11.010707717768371
control,10.16697167270592
control,8.740972365269489
control,9.678998732744844
control,12.672686422087871
control,5.2210078007868495
control,8.399055589802508
control,10.402618001519825
control,11.860501252722624
control,8.77069379305068
control,10.48809804031428
control,11.298406409177385
control,9.873303303068182
control,8.429549603888155
control,11.810354131985694
control,12.722940032502141
control,11.122810002921018
control,11.431590264680786
control,10.034102902627884
control,6.99506198846573
control,10.740115745212316
control,13.318087507622106
control,10.660624180002856
control,12.303980241515433
control,8.196238172279994
control,10.760967533517697
control,11.406471363598481
control,9.787571419381115
control,12.066446097485684
control,14.686357820398799
control,12.492961770618349
control,11.226068544294858
control,11.007051150789477
control,12.558125676543023
control,10.610442762444544
control,10.464737143755032
control,11.836767967251205
control,10.827070071487146
control,12.220885061379628
control,10.866892121955988
control,11.935314714840677
control,10.17387375336232
control,10.68030796314492
control,9.212633702955312
control,7.341939593966555
control,9.323006088951937
control,10.768493452145831
control,7.029385315583971
control,7.58003549655071
control,10.53112033289848
control,10.729594356206123
control,10.71822672494254
control,10.075016854627068
control,8.209638283917416
control,11.407261530631352
control,11.176234148480361
control,7.357238652683559
control,13.668950277717066
control,9.387769635175689
control,11.436822366608343
control,10.080469851964681
control,10.920422050429009
control,8.967286309609648
control,10.399197029375598
control,9.165620477454372
control,10.057421675635705
control,9.498103435351084
control,14.46285696578278
control,13.44520841778082
control,11.463478333712247
control,10.937462931132307
control,7.085529708734818
control,9.34295359567932
control,12.46676058196862
control,10.813041371987762
control,8.677117864757282
control,11.750411689279625
control,7.220555316860892
control,9.39958112558707
control,10.433316491610402
control,8.81660694691236
control,12.350023822777167
control,8.76969640793681
control,7.124240998323117
control,10.780685821482042
control,9.97077493315572
control,11.516182434789778
control,9.447414586068424
control,9.44615614431351
control,6.6977686842655215
control,8.081847854479363
control,7.333194373603723
control,8.127119791889928
control,10.160786625855149
control,10.617431520285779
control,7.819040287681295
control,10.092777602915112
control,12.81888457040989
control,10.279775973007844
control,10.289199251878511
control,6.644713206826815
control,9.849210861483407
control,8.699212525383398
control,6.867261076000541
control,14.600278021933065
control,11.775558331945051
control,12.06548516093794
control,14.381329976093108
control,8.838310520945585
control,11.895711556623956
control,12.714564236114823
control,8.98571471703172
control,10.898555708611159
control,10.211192179146598
control,10.754457603917958
control,8.059044928818947
control,6.203085788114217
control,10.761239342431745
control,9.651088608869328
control,7.438065126809969
control,9.86648141371388
control,8.905894488290814
control,13.103842997148114
control,11.221787610509136
control,13.6763270704876
control,11.086734591185081
control,12.831768364031419
control,10.90441297352983
control,8.67166130994924
control,8.987179710134722
control,9.660581928708242
control,8.559882949447623
control,11.192710865893156
control,9.526060321082925
control,11.87640738011542
control,7.842958366870013
control,10.099314684340285
control,9.555064162311744
control,8.595113826720857
control,11.491202924760321
control,12.405157915839098
control,8.915593539960078
control,12.84672984786184
control,10.751165068327106
control,12.048626082310909
control,11.054988382814692
control,10.303481587143535
control,10.634526788822633
control,10.810247456415901
control,8.492841221198253
control,7.263199213297965
control,10.271739390456293
control,11.221032387899943
control,9.364458319404157
control,10.2965505365949
control,7.75636014677098
control,7.9606806229106635
control,5.80196600216229
control,9.237270928111059
control,9.73088458767322
control,9.962057187296304
control,7.8048604101798205
control,12.13004607542373
control,11.423515780111316
control,9.03029498211613
control,9.186348015185079
control,11.79747335352562
control,8.966970409192735
control,8.813891874806293
control,10.57813440436765
control,10.368234757359405
control,8.838472997009136
control,7.36424407717038
control,10.173616785770337
control,9.427562549194572
control,12.04691887772373
control,7.626714524652588
control,10.46574111073201
control,10.454291819598753
control,10.26835136158299
control,13.390235507915161
control,10.236993242405667
control,8.60912881392409
control,16.068387392936668
control,8.868311043316393
control,12.58843123200952
control,7.7695440508454645
control,10.885438104860901
control,14.361728647778484
control,11.729151962709123
control,13.723124430644678
control,6.847884641446056
control,10.18459287063031
control,7.721700777399644
control,12.963970936468463
control,6.4777814422967195
control,12.475505624914941
control,8.74472074443825
control,9.205678574952897
control,11.269489978258168
control,12.796056836489429
control,10.27864366809313
control,10.69277351898278
control,8.152242513854867
control,9.84654592834354
control,6.8775072273072135
control,11.310662186410966
control,8.329843107626978
control,10.814632122117427
control,8.584481752921365
control,9.856554697681508
control,9.726329722388392
control,7.198857328596898
control,7.64629057362739
control,10.408094868833231
control,11.9258014697855
control,13.055970891529554
control,9.998013062909505
control,8.942383749486254
control,10.853267097848203
control,13.302360510484117
control,8.25861516224788
control,12.566666293887423
control,9.218149114586781
control,7.382741759632371
control,7.391894273702436
control,10.605919786664963
control,7.151257934871136
control,10.247106931148764
control,11.853308945400865
control,10.898019860768542
control,8.12483436562353
control,9.23297856285249
control,10.934788105222383
control,9.050748857317195
control,10.79746657288199
control,10.022090723229752
control,9.00542143498888
control,7.181244016381417
control,11.468197978107474
control,8.365039138625837
control,13.479999913191811
control,7.646109159727473
control,11.748072187827532
control,11.498964949235205
control,11.603155809887571
control,10.291102595653651
control,12.67655239336092
control,11.638553655787563
control,9.05458431834603
control,7.855541085014961
control,9.81823085391743
control,9.5061967541438
control,12.894088705007796
control,13.691668921732314
control,8.832939823387614
control,11.074523380447134
control,12.544188071356366
control,12.970683309559853
control,11.598521701595452
control,11.551521968026275
control,11.952011593054971
control,10.917657502288884
control,12.737456686269775
control,8.724907648545216
control,10.479629914439666
control,7.34528368207879
control,9.99099689087726
control,11.7590045508765
control,10.596446700015623
control,10.740960834556336
control,7.939363144888333
control,8.301138654742036
control,12.087622172796177
control,11.014553494336717
control,9.12018277241119
control,11.524036790075963
control,8.744884530274652
control,10.076935577915132
control,12.608033022860546
control,9.042724619637198
control,7.003001283210695
control,8.858167666825267
control,10.806750317934053
control,10.87429299824937
control,10.498671447434722
control,7.712826712379805
control,9.080775067939777
control,10.287773274938793
control,8.648807840696515
control,13.22718528007296
control,11.926832190762818
control,8.4754782950162
control,11.415029335900934
control,11.391219038231203
control,9.257991813100977
control,12.388984416056603
control,10.322302741573719
control,9.441533045153667
control,11.983312795593458
control,10.820036051783857
control,9.213317900845016
control,6.4268543474037605
control,10.12802167856153
control,11.516313804020625
control,10.42031629296913
control,11.11880746438147
control,11.45490693400403
control,12.685223164673143
control,10.871866518182097
control,11.198470877405837
control,10.457485734361713
control,10.677161359208117
control,11.6676704088934
control,7.46678154677088
control,11.120385211296245
control,9.837311060371054
control,9.059809124933526
control,11.10687087432412
control,7.638941162341643
control,8.417320733929062
control,7.410507718283929
control,8.951221295560206
control,11.319668938607878
control,11.922502049162862
control,9.492253871848751
control,10.80241203505276
control,10.274104773136685
control,7.287323956449963
control,8.625020998672273
control,7.511767859239022
control,11.534812842016672
control,8.382906842231197
control,9.2688934177311
control,10.50496416539735
control,7.668537342360697
control,11.054832973604135
control,9.160295821497906
control,10.700236144554822
control,14.583482320885638
control,15.101546032560524
control,11.996683568419476
control,10.863696216610942
control,7.702828837422119
control,10.177513065865691
control,12.818261180129552
control,12.763009259475226
control,5.1933982471870115
control,10.013400148396466
control,12.245178709609998
control,12.098638984586069
control,11.146893856119577
control,10.765545933687717
control,11.917482918932846
control,13.049896753194568
control,9.974517928439111
control,7.809945193697512
control,13.264364641033042
control,12.67889915758341
control,11.12981283959873
control,8.745050269000153
control,8.619585884493578
control,12.85299305095038
control,10.906448935971847
control,10.39110216730102
control,11.776059486944131
control,10.884077116742828
control,11.554109867594471
control,10.561407657912126
control,11.01151415672083
control,8.015769155809059
control,11.203031614200944
control,11.184581840016444
control,12.330990196128337
control,10.549374539232295
control,10.42110196753528
control,8.765847404936661
control,9.795674566298128
control,11.39396810662847
control,10.452917568141046
control,12.309203798708186
control,7.175127335344041
control,9.377472849851747
control,8.866612437210813
control,12.450575911934303
control,11.711325202994251
control,8.653909875560176
control,12.397412197760456
control,13.87112958215529
control,12.143030100637798
control,14.527440124826999
control,10.746194647046881
control,9.26891438848736
control,9.925840285966697
control,11.040522566388963
control,10.47020354559085
control,9.338771344812226
control,10.47567475124888
control,11.256900849074553
control,9.005621196019932
control,8.8568861970634
control,9.439525719293307
control,10.404459157140801
control,7.959969033830485
control,9.12989587302767
control,11.737820249009484
control,6.72853616819776
control,9.570672914317068
control,6.793375729684791
control,13.076172269589488
control,6.523709667125653
control,8.17363907836866
control,8.107536584337323
control,10.944742657384845
control,9.79681076734283
control,9.938964863915464
control,7.983128872385139
control,9.617920593696596
control,12.832787394364052
control,7.494777277737052
control,7.748360437062344
control,9.901864329797895
control,9.905078561422753
control,12.574344496379926
control,10.486435214049337
control,8.896447642712264
control,11.407979453364025
control,9.41184159157786
control,10.670473422931089
control,11.240470982157497
control,8.650315556229923
control,7.105053293411448
control,9.573774291967
control,11.260375278339023
control,12.351817386094428
control,8.890269762748453
control,8.884234014666202
control,13.28747405650034
control,9.086599379015736
control,6.758250332470428
control,10.69803002946254
control,12.399068240839627
control,14.553982372663175
control,12.137633826855392
control,11.355903597669002
control,9.39520570882793
control,8.875659929951619
control,9.381559682896174
control,7.756684643993626
control,6.385856451555794
control,7.553199248214618
control,10.416961656586759
control,8.949338906640037
control,5.173623983248785
control,9.387058670787768
control,11.585909830450264
control,10.656441784147926
test1,12.354191277961139
test1,9.48683710746743
test1,16.256004651720055
test1,10.290831805102494
test1,11.825603985337613
test1,8.32347397942981
test1,14.122271284226223
test1,13.332800126014543
test1,10.958503622640105
test1,9.566999909428272
test1,13.888131234797953
test1,11.608495905214232
test1,12.592051849147381
test1,12.592463023856183
test1,12.691581757586157
test1,15.501607872739362
test1,12.346129892846715
test1,11.144540358123328
test1,9.180330210423069
test1,12.78336974540365
test1,14.437053020430096
test1,10.09143630069266
test1,13.650623931639082
test1,10.858150102896872
test1,13.050659634194146
test1,14.29187597289664
test1,13.607607258928741
test1,11.067795408339256
test1,11.800362886682759
test1,13.835901731289246
test1,12.009405046944908
test1,11.904392586901169
test1,7.619766057932854
test1,11.48870362322369
test1,13.577638554422968
test1,13.35681700809674
test1,9.170189198822872
test1,13.897455312399414
test1,12.587205440953275
test1,14.635153265722476
test1,14.120765101164633
test1,13.74987084570591
test1,13.566043425376074
test1,9.89428344637747
test1,10.489200053975452
test1,12.793161998235883
test1,10.179803011061873
test1,13.963850516088119
test1,10.729503587239318
test1,14.166040611088945
test1,13.91519959806868
test1,17.214707069672457
test1,14.20887260240528
test1,10.74440060949147
test1,12.234273983038646
test1,12.722566242323483
test1,15.070320387483886
test1,12.524163285876794
test1,14.561569677474845
test1,12.278427506816303
test1,10.15350357644729
test1,9.08492715074451
test1,13.623775833545274
test1,11.20343717396009
test1,11.813886056107943
test1,11.81056109378009
test1,11.745038962777159
test1,15.08366115536802
test1,11.856491635714708
test1,9.846537626221451
test1,13.35406941654818
test1,9.957989443704793
test1,14.776203961292552
test1,13.639831404276991
test1,11.067283044142417
test1,14.491234048514775
test1,9.240077704122623
test1,9.300526793021872
test1,10.48520239797987
test1,13.645920476675403
test1,10.202364934626097
test1,12.620816056599098
test1,10.741531623219197
test1,17.52556531292477
test1,10.47097734898181
test1,13.782884248772417
test1,12.559946767960524
test1,13.884754658935192
test1,9.705228119695635
test1,15.078172950025072
test1,15.162499047807945
test1,13.531318001393382
test1,12.46684053360372
test1,12.870112515726511
test1,11.75932407394399
test1,15.042907090880865
test1,9.17512883274806
test1,11.049843945852258
test1,14.032171797141071
test1,11.808956095494047
test1,13.553915285453536
test1,8.335580495237915
test1,9.623752559464412
test1,11.066199164472108
test1,10.977790357480588
test1,9.741026832364682
test1,10.761151337005884
test1,12.218923388090179
test1,9.842741731180483
test1,12.682999353847904
test1,13.183889192271206
test1,10.623491409063524
test1,13.59996952551291
test1,11.479207362100146
test1,10.578060237217375
test1,11.11176561746884
test1,11.302606486142794
test1,11.9750504456555
test1,14.7580063448299
test1,8.259258378122562
test1,13.15841277648137
test1,12.418977600359568
test1,12.34778852710076
test1,14.983490694997005
test1,11.771443119133314
test1,10.939855175060767
test1,14.446632504638364
test1,12.703325081566561
test1,11.124392941634795
test1,12.91795948209792
test1,10.942344348328522
test1,11.863232478926875
test1,9.266815252812664
test1,9.60867059164648
test1,13.813447711017439
test1,11.36881002040299
test1,10.660575674388875
test1,12.116270457743497
test1,12.43748655219914
test1,9.459741414183437
test1,14.638449059988929
test1,11.207129124392207
test1,13.284815415558247
test1,11.95052147336466
test1,12.31216751022198
test1,10.192780068364968
test1,10.483668183907213
test1,12.234085079590107
test1,13.970751557896472
test1,11.995283064172687
test1,12.050862883929158
test1,13.279854292635035
test1,11.58092228341571
test1,11.642328940949033
test1,9.280959537070975
test1,17.19006095327836
test1,8.861210814247475
test1,13.994545171004258
test1,12.962745301605455
test1,15.002259338038721
test1,13.457740183052987
test1,11.70877366290236
test1,11.483689578646276
test1,12.17958604371454
test1,14.934510209411723
test1,9.4569030559644
test1,8.76404218809522
test1,12.001533427047086
test1,12.309814620862051
test1,9.119353943513689
test1,8.188638354465889
test1,11.287809138336197
test1,12.32208004775977
test1,12.774743565732898
test1,13.01964306691296
test1,11.645260042341246
test1,11.065679477468837
test1,12.836205498857893
test1,10.191360248866262
test1,13.553259443334092
test1,12.23269467756433
test1,13.527229813099808
test1,11.16906047683685
test1,13.080611923415994
test1,10.143997310278214
test1,10.848323842321184
test1,15.113520841390706
test1,12.77192554629045
test1,11.50329897956022
test1,11.13168544918211
test1,11.30803334812039
test1,13.10807372597611
test1,9.03655913913822
test1,12.953056699936818
test1,12.727761053191658
test1,13.044600479343739
test1,10.017296141753315
test1,12.30516672478056
test1,12.681062291435232
test1,9.152809334354927
test1,16.618101748526396
test1,8.68714440163362
test1,13.739389355149196
test1,9.038666520375244
test1,14.05233723736193
test1,13.223617223256532
test1,13.878327818992746
test1,9.829308593563393
test1,14.903314138424342
test1,13.844755932830925
test1,10.11480185194994
test1,13.85867581772862
test1,14.274867598436364
test1,9.83399410301162
test1,14.209284838151822
test1,8.512618091428159
test1,9.642829587977522
test1,14.255170369062855
test1,12.4586833918358
test1,12.138246587271666
test1,12.650938307214181
test1,14.175069085589834
test1,11.581282893881852
test1,12.058099382462116
test1,11.802180545478443
test1,14.108395054842221
test1,12.863980376760322
test1,7.050457388318905
test1,8.078028642847757
test1,10.389878599223312
test1,12.25252375210757
test1,11.672914632220728
test1,12.104512630457245
test1,10.086951331376273
test1,11.042579718791101
test1,13.654232957702247
test1,11.145381061124315
test1,11.768347409343777
test1,15.629024690506302
test1,9.926163019751788
test1,10.950214827404421
test1,13.357273519217491
test1,8.63582690718165
test1,14.280683483968687
test1,11.912889159166395
test1,10.224207789536866
test1,13.67842077436687
test1,9.180457337568356
test1,7.972244274492192
test1,10.706111027547369
test1,13.15701748772722
test1,10.017871431497886
test1,10.11938740388029
test1,15.157735610762096
test1,11.93276658113199
test1,17.15089169157694
test1,12.473803692322761
test1,12.17701698165315
test1,14.01187185232298
test1,10.933685338522718
test1,15.083824344644286
test1,14.138522998426394
test1,15.46886277470834
test1,9.862368602556513
test1,10.706598512494761
test1,15.639778143503982
test1,9.847898779278273
test1,12.566219207580739
test1,9.961188848410817
test1,12.641926306079863
test1,12.075963116114439
test1,12.266406920715177
test1,12.665815489278367
test1,10.442752913882742
test1,10.753336173771043
test1,16.37935215084228
test1,13.077302220479243
test1,9.977050714705952
test1,12.701485715390204
test1,13.169907277998314
test1,13.918787158328458
test1,14.825451217965165
test1,9.827159385233767
test1,12.930930396645593
test1,14.140688762386011
test1,12.503463245506264
test1,8.765956437130994
test1,14.072531859198392
test1,12.351059177071608
test1,13.869243331605961
test1,14.569870767322115
test1,10.62205906294432
test1,13.067748727740794
test1,13.128610278707777
test1,12.056032796504653
test1,12.42632759909576
test1,13.797523068456828
test1,12.43272806343848
test1,15.652270362908208
test1,13.635203199176974
test1,10.077521485068198
test1,11.19315413637904
test1,11.101928409105005
test1,12.797644976044118
test1,12.38875666342106
test1,14.508645970378655
test1,11.6553739688062
test1,12.782934433143838
test1,14.267348913402014
test1,12.7762054499105
test1,14.490510673543067
test1,15.524264985317188
test1,9.00146260582375
test1,8.289176019442966
test1,11.102288764876537
test1,10.21873535220993
test1,11.341623804553182
test1,16.891988302891576
test1,10.472211460474078
test1,11.07231025094315
test1,10.605842372420181
test1,13.14930348016267
test1,14.171580825701437
test1,12.21553242124236
test1,9.30459400783813
test1,11.568258686984835
test1,14.71824219513924
test1,13.929110558860168
test1,9.778310615527836
test1,11.50566090793419
test1,12.577752634815859
test1,11.253805863729735
test1,12.264165797104798
test1,6.9233792862064485
test1,14.929139865283545
test1,11.911233374327814
test1,15.148908200508812
test1,12.745920785393803
test1,8.532364678737526
test1,10.362690915913708
test1,10.055797022405788
test1,12.599226742036445
test1,14.225540579976984
test1,13.479241790156093
test1,13.328186632183137
test1,10.517411748603656
test1,10.00951889002221
test1,8.269133609104152
test1,8.282429629200582
test1,14.673273727509205
test1,10.498803283811943
test1,10.346067022095394
test1,13.827351066247763
test1,12.715890589634709
test1,11.379471916260668
test1,15.226770661769883
test1,15.35590642696236
test1,8.893889917588194
test1,14.724614516798184
test1,10.02584906605468
test1,14.959520032755776
test1,13.410965298289842
test1,11.180258737537592
test1,10.956709351517294
test1,12.44950999222042
test1,11.428040532907579
test1,11.732921463501109
test1,12.287089947680382
test1,9.044921628656581
test1,10.67438449474567
test1,12.887507475503748
test1,10.760550217241715
test1,10.169435530640083
test1,12.66143413502746
test1,12.845856650214134
test1,13.80958273928733
test1,12.388830982162702
test1,12.90755750441343
test1,9.940292887327626
test1,10.80511180886017
test1,11.149803177965817
test1,13.677998189317245
test1,10.511211033782699
test1,10.94723833775059
test1,10.428319208573102
test1,15.369078433601162
test1,12.91662802035717
test1,11.330972090300936
test1,12.28692490617995
test1,13.033439999324116
test1,11.096541805116015
test1,11.875880937996866
test1,12.00747015744511
test1,10.824752184626286
test1,10.926745464991203
test1,13.173489134883546
test1,13.187559574817405
test1,13.396565472493833
test1,13.110812922525955
test1,11.735473027246778
test1,10.736734852188448
test1,10.086665080672157
test1,12.9991035129763
test1,13.421439576596232
test1,13.158113616352004
test1,11.103207693867839
test1,13.20125760464114
test1,12.675032992633835
test1,12.200841095259113
test1,15.957647672548408
test1,8.383948922985478
test1,17.92014357145599
test1,14.137974843742981
test1,9.376014707424789
test1,10.887615582378444
test1,12.934452058075838
test1,13.771005196160234
test1,13.90129498798003
test1,13.095384282647071
test1,10.920526712404795
test1,14.997836340283335
test1,14.474304735495483
test1,9.501007627159202
test1,14.676731553162522
test1,11.548480387639366
test1,13.073603201441998
test1,12.331674417736615
test1,14.875711800876731
test1,11.088718697931002
test1,12.981901664227635
test1,8.65228103921882
test1,11.1781743922972
test1,13.405290267707572
test1,10.747647217560868
test1,11.363733364127166
test1,15.79749532070887
test1,6.9049939709767125
test1,10.103932005720552
test1,10.338099743721022
test1,12.948692407082776
test1,11.613514319717636
test1,10.422294229052014
test1,9.52839872205773
test1,11.546615301334311
test1,13.602798672777014
test1,11.046769920040752
test1,12.89874000555441
test1,13.327588679141739
test1,10.250377639674642
test1,13.036883447528801
test1,13.83849331418441
test1,12.584598636167458
test1,9.9617844798328
test1,8.468330940346483
test1,15.192516003323297
test1,10.772988959046405
test1,10.936053508670703
test1,11.26813541859922
test1,12.323257252138262
test1,13.452141553504282
test1,8.417410457159612
test1,11.112022432700858
test1,10.130462507856183
test1,13.925347722976703
test1,8.127751748348187
test1,11.022297074594928
test1,13.221362375876557
test1,11.430065240433633
test1,11.220810050848874
test1,11.068698860561266
test1,11.85511337785367
test1,14.036636612813801
test1,13.206082219205696
test1,13.58963487057315
test1,13.22217280594259
test1,12.62115739885069
test1,12.03240074599803
test1,11.953568270753514
test1,7.154845245089099
test1,11.228034742411047
test1,12.90347569740632
test1,10.798250533643722
test1,13.329699032842612
test1,13.520380241695008
test1,13.163743747941435
test1,9.630335917868493
test1,13.74770306660369
test1,10.836476036420029
test1,12.609777923723229
test1,9.217294044795175
test1,16.17678960312318
test1,7.566242557337438
test1,13.377163411564009
test1,11.88836309515935
test1,13.620305508560117
test1,10.780722655974907
test1,8.964696578325007
test1,12.471995403812803
test1,13.10327979484093
test1,12.567946742481976
test1,12.011610823237357
test1,13.121779165901017
test1,12.747289896471896
test1,12.287742008290849
test1,10.595056384912873
test1,17.313920375794407
test1,12.401605300138414
test1,9.706666434104077
test1,11.79531357616847
test1,11.85366920376232
test1,10.148066256024073
test1,10.211705049800642
test1,11.471727497534257
test1,10.400890213071225
test1,13.51411411576218
test1,15.259925190268262
test1,12.713407115214295
test1,15.841375332144882
test1,13.156425730133556
test1,12.875486016341977
test1,10.270261000712607
test1,10.808653693935062
test1,13.993980992071176
test1,12.914964412779923
test1,10.120442229439826
test1,11.865693425527335
test1,12.43066115111437
test1,14.231753956967554
test1,13.643991960647886
test1,10.79243734570521
test1,9.35057633426498
test1,17.090120180141255
test1,13.012266857647132
test1,9.5362397868735
test1,11.875739109549468
test1,14.729535556690596
test1,11.306262099678177
test1,13.180515457193199
test1,8.24072848881586
test1,9.246346511214444
test1,12.044256044244998
test1,12.544109849586757
test1,13.113069598558177
test1,13.086207932049556
test1,14.63846484327184
test1,9.919461554520108
test1,9.449723477047518
test1,10.920939352129643
test1,10.26123388945016
test1,10.742947381240441
test1,10.401121398246683
test1,9.316659841873827
test1,16.801700992551865
test1,13.435799086366835
test1,11.559507270608238
test1,10.731655798557341
test1,15.058045050001498
test1,15.679841890249826
test1,12.869819010867824
test1,14.462992137074465
test1,12.54389429749555
test1,13.205584576636502
test1,16.1450700721496
test1,11.149910008570446
test1,8.236925246020112
test1,14.418945479012276
test1,10.378323607181553
test1,13.84683721043372
test1,13.161635289756495
test1,10.96841012649658
test1,15.421750244166047
test1,13.579920816917236
test1,13.457182391749718
test1,8.53172648045595
test1,16.525527347351563
test1,13.369363951503875
test1,13.210764022625211
test1,10.814101412590091
test1,13.470562206272728
test1,10.712725172418107
test1,12.753345503819205
test1,12.879754012508258
test1,14.394075191076983
test1,10.902888217346423
test1,10.229946152046285
test1,16.686254311429856
test1,10.614122718551059
test1,11.254881472897287
test1,11.486514404555157
test1,11.355853340591107
test1,10.553779966547973
test1,16.78664242222761
test1,11.162469227969643
test1,11.783663712668721
test1,10.93840703958846
test1,11.313064315562867
test1,13.436760248616725
test1,13.275590999255037
test1,13.808818623577169
test1,13.560932665882707
test1,11.44413571581176
test1,12.593865202420037
test1,15.960377269238062
test1,13.99401540252957
test1,9.005748083604772
test1,12.07802035628398
test1,12.086362588382917
test1,12.08370568910975
test1,13.8677951785599
test1,8.649397650277042
test1,12.900436013335387
test1,8.763349085443192
test1,9.896886758070394
test1,15.140811289895474
test1,13.622702922484931
test1,11.637118538192691
test1,11.140205802873083
test1,10.453606086364065
test1,9.757740154154199
test1,11.701129672548294
test1,10.262750995918099
test1,13.51585247567877
test1,13.543839022817355
test1,10.835732095788956
test1,11.247388595858483
test1,13.826577579969554
test1,13.716853758939212
test1,13.572272940819017
test1,8.348257739221859
test1,12.907499644458401
test1,10.291989126558363
test1,12.918006170055184
test1,12.35367465365739
test1,10.454726712060344
test1,12.66813452211107
test1,13.4493439546542
test1,10.149475462684595
test1,12.434065145150171
test1,12.703030816621155
test1,14.236576626034076
test1,13.065345920357462
test1,12.022110148219355
test1,14.41169061228286
test1,14.306643912387115
test1,13.121224601013873
test1,11.34615507047994
test1,8.07171923786975
test1,11.099325539549241
test1,9.187153038090912
test1,9.505120330252943
test1,9.641868058715186
test1,11.045138365106924
test1,9.71155757071635
test1,11.105595167283935
test1,11.162949819244224
test1,9.547855901018162
test1,9.375417954172441
test1,11.651969688949697
test1,12.000370836486676
test1,15.631130157458628
test1,12.771052635922096
test1,14.49980724375522
test1,11.8638263534136
test1,13.832204520596484
test1,10.525451004675846
test1,8.844537014727175
test1,8.37450929944939
test1,11.311516833135183
test1,11.8321596282635
test1,9.08488745865159
test1,15.020786742747152
test1,10.862072775093997
test1,11.630448852618505
test1,15.844263006697064
test1,14.494844497356052
test1,11.008118479739988
test1,10.64117986288955
test1,13.906880567106443
test1,13.739936722763883
test1,16.24239727151744
test1,11.502753113969467
test1,13.659126068984019
test1,11.911925067330882
test1,13.181153831025652
test1,15.35326951315756
test1,13.898459486351737
test1,9.246948996363932
test1,8.114208533368826
test1,14.37331019978893
test1,15.331203128770817
test1,11.931806366263883
test1,13.37552604172873
test1,11.910077633565216
test1,12.096365238879441
test1,10.599862040502584
test1,10.189013499159259
test1,15.775301160088397
test1,12.993055321412163
test1,12.996739876116187
test1,10.89159247282399
test1,12.440262248413813
test1,12.317700113700829
test1,11.39647846010805
test1,13.47159888160621
test1,11.740357583612019
test1,14.453657897704995
test1,14.140683103764173
test1,12.219656737104621
test1,12.538455169138874
test1,11.668691472759265
test1,13.30783229674428
test1,14.870893143292992
test1,10.212880252268198
test1,14.816378186680268
test1,9.656738060306926
test1,9.502292264302875
test1,10.413261929925202
test1,9.415613979676056
test1,13.503127577368092
test1,13.042709798185113
test1,12.397460672457044
test1,11.30954778760906
test1,11.749464187251247
test1,14.993400152691553
test1,11.81851951945039
test1,10.937074815791316
test1,8.02537804800373
test1,11.104609816663398
test1,12.450397801638502
test1,10.504298668986088
test1,13.142933409607764
test1,11.672033794135409
test1,8.603758829005624
test1,12.255311291887146
test1,7.122643504425183
test1,10.370310156009491
test1,13.167079397556899
test1,10.170191851129601
test1,13.213718939637971
test1,14.112305620050059
test1,10.77090213823588
test1,12.070613061243744
test1,12.742910108666077
test1,11.124049069805164
test1,12.854972679712771
test1,9.10128050953159
test1,10.51247123687611
test1,13.969967886646632
test1,11.092163362241902
test1,13.985693953223665
test1,11.043948588890485
test1,12.115164505947662
test1,11.766795387088276
test1,11.007904476171129
test1,11.3166319582485
test1,13.30160358525999
test1,11.512871363400613
test1,12.641572543207097
test1,9.953443185866877
test1,15.33126799213329
test1,13.535635570334211
test1,10.410765353722931
test1,15.33384469566223
test1,12.347661510430152
test1,11.949578487773305
test1,13.11692794164272
test1,12.64758041621238
test1,10.780533507335832
test1,11.538491010899204
test1,9.939933466080818
test1,13.142999601702162
test1,9.744066523873949
test1,8.018080774740175
test1,10.041953237038518
test1,12.010669856670825
test1,11.745882817314001
test1,9.346646871433638
test1,8.584400503291029
test1,12.833620559121632
test1,11.043000267663691
test1,11.96046955506015
test1,12.554002368711842
test1,13.363132967143223
test1,14.547349829239621
test1,8.65692422267934
test1,10.313908186431329
test1,12.378721468244468
test1,13.66325712713206
test1,10.538540554622475
test1,14.7144385772839
test1,11.337423939790302
test1,12.341567372119338
test1,12.433056449410154
test1,10.088420881160474
test1,11.523404961452501
test1,12.810706668035237
test1,12.600136216828622
test1,6.450794579388384
test1,12.749555935287892
test1,10.857197691384426
test1,11.082991324033275
test1,12.297063564634579
test1,13.743390788036944
test1,11.232606508399664
test1,11.847332241393724
test1,10.438070006293351
test1,14.061534695324143
test1,11.142047062654017
test1,10.367589700226652
test1,11.060741045038286
test1,12.621304990834915
test1,8.949932478587105
test1,13.07429218699226
test1,12.801272574463578
test1,14.861881229751875
test1,8.968767301723464
test1,12.49452761202404
test1,9.555962251047472
test1,10.392334379572485
test1,15.10666080363508
test1,10.331824574471893
test1,7.96521613706337
test1,12.224096523186963
test1,15.203870924363589
test1,13.687254457026889
test1,12.743541522403085
test1,10.842203623546071
test1,13.21018697379666
test1,9.233224102733935
test1,13.058141760282723
test1,12.96873738596566
test1,14.817375504748698
test1,11.019788757273496
test1,14.322409212059613
test1,13.305807576319518
test1,11.469527841306697
test1,15.126076590471403
test1,9.777848251920203
test1,10.766857987588606
test1,13.226213571469106
test1,9.803608093768931
test1,14.084224057901881
test1,12.105163890498178
test1,12.96759504947848
test1,11.660204362379941
test1,12.930914818490688
test1,12.363219332213458
test1,12.934066615262472
test1,12.21811957221268
test1,12.11772884505654
test1,11.7017541919123
test1,13.534427197898754
test1,12.88150325936573
test1,10.128043651857599
test1,14.472876030113413
test1,14.651741455200348
test1,9.82208298666557
test1,8.179120203695945
test1,8.58875405295538
test1,12.99195537377099
test1,12.151406903674197
test1,14.301332052262044
test1,11.117714886202988
test1,11.103183550933936
test1,12.556407104534891
test1,7.7954252995548625
test1,8.88517522126111
test1,10.118546275210209
test1,12.776771384039833
test1,10.815538844269486
test1,10.581473965298459
test1,10.41975763412069
test1,11.324086714119934
test1,14.47034187065596
test1,11.068230126744638
test1,11.607018350831698
test1,14.617304985357775
test1,7.380956752982192
test1,13.103478128453403
test1,14.123946272205231
test1,12.20378555540482
test1,13.652451785826035
test1,10.920485461255458
test1,11.276128738748326
test1,13.409631669597534
test1,10.02732715623903
test1,10.398322114071101
test1,15.211937925047899
test1,10.996675436229744
test1,14.827818699572902
test1,10.17348950384363
test1,14.766689947339263
test1,13.600285885646429
test1,10.8651551826358
test1,9.18495423932227
test1,11.689679981568531
test1,13.710529093464583
test1,13.517053508293461
test1,12.097248823755356
test1,12.76051379536696
test1,13.296553181445796
test1,11.689887347866991
test1,12.513049233380364
test1,13.10197275943461
test1,12.127860341217442
test1,12.441700753727082
test1,12.804656938904772
test1,10.127180446433739
test1,11.297423149137462
test1,10.002248078755342
test1,12.547135697708502
test1,10.103344775066777
test1,10.122921246192552
test1,11.880921438573981
test1,10.19313005223491
test1,13.617505515477456
test1,15.100381565910524
test1,11.100698899877417
test1,9.577539487485499
test1,10.221023267631992
test1,11.681773457101926
test1,11.033748386334423
test1,11.771241415678482
test1,11.109347139993115
test1,13.37192061866347
test1,12.550465389413622
test1,12.734334386581047
test1,11.45006404623145
test1,12.287447482451437
test1,10.082640877205515
test1,17.026959261149322
test1,16.30214952383804
test1,12.569931475692826
test1,11.821274327203476
test1,13.537451387665943
test1,12.293447715191563
test1,12.118834752579767
test1,10.877877800313707
test1,9.282743479526022
test1,10.484823070663877
test1,14.93174964233501
test1,12.870772836764331
test1,11.96588904403647
test1,15.912945700591102
test1,8.892160844158836
test1,16.663186227588625
test1,18.73769871150393
test1,13.646081187386816
test1,12.560601333240776
test1,8.063173937543253
test1,10.426629193132495
test1,12.07397780764934
test1,10.89400280065802
test1,9.454936275478715
test1,10.023817647792944
test1,13.469205766588622
test1,12.604550075212376
test1,13.154119517086297
test1,10.63621861308708
test1,11.786810701903704
test1,8.830064850620161
test1,14.003297530617168
test1,12.909985747652515
test1,12.88797854108348
test1,16.91078698210965
test1,10.731527728231095
test1,12.177706758574214
test1,12.596913248799558
test1,12.373637623431753
test1,8.02983121495228
test1,13.641242682495454
test1,12.346179325513411
test1,10.000455412805412
test1,11.436716884729435
test1,7.772973435253607
test1,15.054063583405853
test1,13.787963326708049
test1,9.752982509865607
test1,13.396443355731654
test1,9.640486803367537
test1,12.255882035566515
test1,15.259384655435188
test1,9.420671533325766
test1,7.33755247182057
test1,14.616446987511972
test1,10.859176237515555
test1,9.224335379205012
test1,14.901263846424236
test1,13.952289230693022
test1,10.912836549309882
test1,10.68285050942685
test1,12.234623650729565
test1,10.556091117880179
test1,13.401026275784385
test1,12.844882851762522
test1,12.367651822148797
test1,10.729078180755181
test1,10.75844370245646
test1,9.5998049962187
test1,14.490981800505695
test2,12.370314983842135
test2,8.23466721854538
test2,10.555507308482738
test2,10.229687035394898
test2,10.470998698105097
test2,8.383182997220679
test2,11.117968481045692
test2,11.914561099952138
test2,7.501825353166309
test2,7.3962998143938545
test2,8.276741321317347
test2,6.099029447907873
test2,8.842889822139687
test2,9.89517581441544
test2,11.498501983189945
test2,8.186729983768215
test2,9.250067442056089
test2,7.173275409974732
test2,9.957299209661679
test2,7.164576021370226
test2,9.90995430918558
test2,9.150941168347739
test2,8.098116540590448
test2,8.19366995040035
test2,7.488530909883442
test2,5.549160755107836
test2,12.143095578309236
test2,9.389518635053367
test2,11.899667024627318
test2,10.33570486595793
test2,5.713297416453702
test2,8.91347828197927
test2,7.11114873655411
test2,8.641717444895573
test2,9.122232410234815
test2,6.962298893323233
test2,10.63762519441947
test2,6.886965720295656
test2,9.91842014213801
test2,8.979181745289614
test2,5.323677321424459
test2,10.293013705725015
test2,8.949388448364418
test2,9.484098028371537
test2,7.342140007976555
test2,6.997379856660375
test2,7.571468533626746
test2,11.33235573369673
test2,11.313023250699331
test2,8.727413688763699
test2,12.75200220175607
test2,10.878473739943798
test2,8.521781484457387
test2,5.253670076433935
test2,9.573825122168056
test2,11.382666223083255
test2,7.1186204416766765
test2,8.675375917963423
test2,13.7408065149279
test2,4.832446525081475
test2,10.24763298324573
test2,9.522250154943592
test2,6.9493452932555355
test2,7.0399031742012514
test2,7.185654702843744
test2,6.8286001641489715
test2,1.114653694122044
test2,8.582170865690593
test2,11.483439183936888
test2,8.890589392244786
test2,11.59230758563749
test2,14.33273619702855
test2,7.729794465836177
test2,5.912665457689281
test2,10.37628916579195
test2,8.769736297449485
test2,5.614231932145838
test2,8.930088930586455
test2,10.152137202717073
test2,9.607471279557135
test2,9.670232811222842
test2,10.541945901575856
test2,7.831790290462971
test2,8.92838527090153
test2,12.815177546921777
test2,8.73987625679758
test2,10.266602597640048
test2,9.81955062729805
test2,9.78941653531594
test2,13.12867168876976
test2,9.219788219079005
test2,11.082340915296975
test2,8.82629598035483
test2,6.985221092815895
test2,7.237275997995934
test2,10.077524085816528
test2,9.227308626664737
test2,11.89799631711449
test2,9.372703049157078
test2,10.319266253520631
test2,7.247585647798811
test2,5.183927331699008
test2,8.686652504107316
test2,10.12869916453932
test2,9.050893878975787
test2,9.645467644191665
test2,11.876148405813646
test2,9.83354742632146
test2,11.432134404627169
test2,5.451542286778356
test2,7.6346827453443264
test2,12.808829964291725
test2,8.39959093881058
test2,9.355188499626715
test2,13.669497110677188
test2,7.080715972140766
test2,11.516022631490909
test2,9.881502837856077
test2,7.108311833602189
test2,7.343967883290465
test2,9.929072447147599
test2,8.17864227996209
test2,9.232210589726071
test2,9.02071888699302
test2,10.932356380739243
test2,10.02450984131438
test2,11.461112889525065
test2,8.819531362034093
test2,8.77964666511154
test2,11.05733047754452
test2,13.307361994680077
test2,4.691543990389609
test2,10.502277797923664
test2,6.4342321424412585
test2,8.537683179046509
test2,10.319631612079567
test2,10.630644158645492
test2,10.791519596045784
test2,9.82525161593737
test2,11.266902651123715
test2,8.858158038441637
test2,6.5169388877364955
test2,10.682543763204476
test2,10.119297309290836
test2,8.535151082107358
test2,9.401677740274964
test2,8.257046867896246
test2,11.507123074279253
test2,7.061510071799855
test2,5.875440408384424
test2,7.159543362323708
test2,8.685907462638836
test2,7.791007277105473
test2,6.271302785810535
test2,8.480324056332268
test2,9.843684296833946
test2,7.731675185554699
test2,8.291607453671281
test2,8.767544024777914
test2,12.113691918254593
test2,8.821260155582799
test2,8.585498776879993
test2,7.967118293768991
test2,10.045745495697611
test2,9.355227196331821
test2,6.913958582244026
test2,7.665308672271945
test2,6.317304574280348
test2,9.965449377740738
test2,7.849148611166819
test2,8.211814865082074
test2,8.14050239570951
test2,7.422100992780297
test2,9.672333284174934
test2,10.09595089578847
test2,9.526770791777862
test2,6.71751209220619
test2,11.899612122608762
test2,10.841001843887751
test2,8.176074920750343
test2,9.909742025410445
test2,7.380285253506568
test2,10.213557838878913
test2,10.00208154006991
test2,7.018189164225766
test2,7.196030742410531
test2,6.929547345321881
test2,11.052493976704254
test2,8.362897667812158
test2,5.532412199664579
test2,11.4234507109588
test2,7.95802551641944
test2,9.903542766861904
test2,9.44583628775818
test2,8.183875621210184
test2,10.074099930547172
test2,11.062812757632848
test2,5.868977898240129
test2,7.90896479977415
test2,6.4005847740858695
test2,7.511934774822071
test2,9.213263964107357
test2,6.325508120202932
test2,5.865041584793042
test2,7.8363976312780075
test2,9.441302409153737
test2,8.984802507987286
test2,9.904767845965349
test2,10.469335833233066
test2,12.68055341949054
test2,6.698342532781363
test2,11.117596176493066
test2,6.440145450935626
test2,8.828555270889197
test2,10.520990386606998
test2,8.488517240009369
test2,8.78908082211792
test2,6.7944345125630194
test2,7.488413175899999
test2,6.837375508029265
test2,6.838930882465407
test2,8.887575185531432
test2,10.46492311017195
test2,10.000658738686564
test2,5.703012567157202
test2,9.938432497349284
test2,9.97045020546088
test2,9.678371179671839
test2,8.292229003124607
test2,9.618993130247963
test2,6.845945481192182
test2,10.00821549815099
test2,10.146959891463485
test2,5.896452753289578
test2,8.493225795293478
test2,7.926647560969322
test2,6.917606569765379
test2,8.728536740953496
test2,8.868374620614755
test2,10.288876982583464
test2,8.098143783268341
test2,11.006510550470265
test2,11.847151054272397
test2,6.952017978822477
test2,7.172160244633199
test2,12.745941504506014
test2,12.459931747612385
test2,8.886091543920436
test2,9.837882149294515
test2,10.661012304744974
test2,10.133469671765662
test2,11.602790503146636
test2,8.455971099538543
test2,9.918779557289666
test2,9.496335828303161
test2,8.576821397426496
test2,8.793656808062073
test2,9.01699062891857
test2,9.47095115821232
test2,8.608855958480687
test2,7.202326025492353
test2,8.208615111237668
test2,9.308529306948087
test2,9.49261926283514
test2,12.017433210631193
test2,6.4442439278615335
test2,7.9478155133523805
test2,10.060836746618168
test2,6.236161744020707
test2,10.672672729239464
test2,7.713041472968637
test2,5.856908771047046
test2,9.302163406342395
test2,13.132120322577272
test2,6.764178824435481
test2,7.793397619530143
test2,9.210450916096368
test2,8.040684739293477
test2,7.943013363722178
test2,11.559544445610618
test2,11.18339236556657
test2,12.076627869651759
test2,7.146286218347737
test2,10.235732061316362
test2,10.846952815624864
test2,6.288594644618296
test2,10.122037491820326
test2,11.5571433801629
test2,6.136110651061758
test2,11.184046082894598
test2,12.119218672648554
test2,5.252180529786709
test2,6.336354033353175
test2,6.445771646152664
test2,7.066239595087655
test2,6.472459976221275
test2,11.219986077225066
test2,5.6951403265495735
test2,9.932322170706684
test2,8.652776860086526
test2,6.478347256068963
test2,8.61061569580111
test2,8.118218405610577
test2,7.513755575780207
test2,6.311814352470763
test2,6.71586377502257
test2,6.735487418849876
test2,7.943407876540105
test2,6.824686086855793
test2,6.8202579626100714
test2,10.264926984351469
test2,6.2669218465984855
test2,7.526060229803438
test2,7.623100500312102
test2,8.461353764518723
test2,7.037521710179922
test2,10.291670162930373
test2,13.279242154631277
test2,13.81846484144046
test2,8.79195602464987
test2,10.934904036889717
test2,11.618738341303546
test2,6.052256429562131
test2,10.203689934050045
test2,10.620759102197857
test2,8.598657743224285
test2,5.77834720733221
test2,7.988948097300243
test2,9.322119675231788
test2,6.377281998653173
test2,7.989591625019319
test2,11.865269599588316
test2,7.018903212722986
test2,13.486880325008194
test2,5.9628181584468685
test2,6.445479121739448
test2,9.42242727347148
test2,8.075522588250067
test2,10.60183015317429
test2,10.37678388758339
test2,10.229731727857674
test2,11.667282282797746
test2,8.596948509536087
test2,6.905272837603153
test2,9.21953425016498
test2,9.23265614967553
test2,12.098168536726927
test2,11.98555932168058
test2,8.155238631241104
test2,7.406701637233695
test2,9.05668966624677
test2,8.337368628971776
test2,11.215412728912352
test2,8.132121879389455
test2,9.112225832284365
test2,10.690334776900336
test2,10.157348134369641
test2,5.8302917927304865
test2,9.648427828335176
test2,8.833526967868988
test2,9.761256954306798
test2,13.1608333679578
test2,9.817643049586803
test2,8.16519085937663
test2,8.260766577143334
test2,9.144204636226945
test2,8.495041719651748
test2,5.298469918197762
test2,8.855831531529974
test2,9.341808344975384
test2,5.198425901906117
test2,11.069371445657028
test2,12.022702898488863
test2,8.611969280775062
test2,6.742312405125561
test2,10.666438642706284
test2,11.755162884522662
test2,8.401041375063757
test2,5.888290218322071
test2,9.398308429891062
test2,9.430078469501469
test2,10.243338516660726
test2,11.232156532528942
test2,11.82227722233103
test2,5.50084225365225
test2,7.0119221951859325
test2,10.111051796639618
test2,9.271988962859716
test2,7.490210915661615
test2,6.796898854606857
test2,10.220094252500836
test2,10.300693236889815
test2,10.095105394771338
test2,6.864898529535898
test2,6.190987548771983
test2,11.405896374459719
test2,9.669515722873614
test2,7.875310910055035
test2,11.381149922887145
test2,6.988757092275407
test2,9.524954100148944
test2,9.139450961778582
test2,8.95088857062015
test2,7.141828230641696
test2,5.144511813577376
test2,9.271641486457256
test2,9.906686535999167
test2,11.774284027668585
test2,8.2676316762895
test2,7.968052684319199
test2,8.775930340098553
test2,7.678097121696286
test2,8.237918757577098
test2,10.127613530825528
test2,6.309057563896801
test2,12.217825844242018
test2,12.3730806923304
test2,7.954960192232797
test2,9.74751667578965
test2,12.772773404891359
test2,7.605082285602757
test2,6.4255289726861555
test2,5.255191290719337
test2,9.058837307870716
test2,9.600779257595592
test2,10.714815281949825
test2,8.933293586740618
test2,7.207873061985294
test2,9.383719948285936
test2,6.947549335548992
test2,10.000872494481683
test2,10.131321745231656
test2,6.92452774333983
test2,10.645404916529055
test2,7.601309623168351
test2,5.934853245864363
test2,11.344738653995629
test2,9.247257509833094
test2,7.041071885573982
test2,8.516460347041837
test2,10.332328678935697
test2,13.028121991192352
test2,5.7167174251503265
test2,9.734781892887824
test2,10.604705215226156
test2,8.985275485406989
test2,8.00666581077184
test2,8.996470008446687
test2,12.982498871189618
test2,10.503992328295896
test2,11.337428500573726
test2,7.426358053289234
test2,11.373169648712938
test2,11.124405255898075
test2,9.319485521687975
test2,7.385511006180216
test2,10.417590621019652
test2,11.696539133442272
test2,11.754871597635463
test2,12.431413811184076
test2,11.068017790257558
test2,9.334535999621636
test2,12.035987783065536
test2,11.810294852532042
test2,6.832629444347782
test2,7.127955112891976
test2,9.315640839062961
test2,6.60575472895003
test2,9.03918280619908
test2,9.852842001811819
test2,9.474910061192789
test2,10.412078186201947
test2,11.692156733164847
test2,12.253441670502134
test2,9.78533220996833
test2,7.546489477843335
test2,10.298568732044734
test2,9.376354454506433
test2,11.3195005814096
test2,9.210200788792617
test2,10.110920290985437
test2,8.934146776020734
test2,9.431250895266519
test2,7.569341960054851
test2,4.459349419052687
test2,6.404835337052626
test2,8.903869326594746
test2,8.92415788855435
test2,12.322349751345683
test2,8.6606625858924
test2,11.47910540747888
test2,6.449220623869731
test2,10.127990772643813
test2,9.151936177695573
test2,7.172761717541862
test2,4.914604474313083
test2,3.984587169996405
test2,9.449012648488967
test2,7.569673502987808
test2,10.932464799782558
test2,6.386128891602608
test2,8.46901074369454
test2,3.5261090709171983
test2,7.6815716843870945
test2,9.015935558477693
test2,6.860830011149657
test2,9.388326236250656
test2,6.86893034536014
test2,9.654426363095752
test2,8.303670083724597
test2,9.601203837222908
test2,10.050378882822278
test2,8.903476565547214
test2,5.717390380430016
test2,13.761409328675242
test2,10.763934361093678
test2,9.901613764265809
test2,11.410263763482376
test2,9.222878790827894
test2,10.261041496898358
test2,9.465652694621404
test2,10.675100655059484
test2,10.554182114165114
test2,11.948642108885252
test2,8.117835891354723
test2,5.504304352757666
test2,9.446246178543952
test2,8.13810075832555
test2,13.797996174672914
test2,6.833737742268555
test2,7.017616873797949
test2,9.33094167688553
test2,9.845039798769022
test2,10.501699247834464
test2,12.562075231194834
test2,11.99162068872427
test2,10.39017166587237
test2,9.77785174336033
test2,7.410523925856049
test2,7.712684675571295
test2,9.55684082789147
test2,12.309570060318014
test2,8.902134277060616
test2,10.82138654872794
test2,7.725605123106303
test2,10.312400253472134
test2,9.097878821585063
test2,11.938250300589635
test2,8.934600871139214
test2,11.664681870457725
test2,6.869892887169076
test2,8.330094172828028
test2,7.897330291080063
test2,7.6775176229111874
test2,13.320635624197195
test2,11.009374256501387
test2,6.40794420594753
test2,8.309894894196013
test2,6.870606583266309
test2,9.585714454150708
test2,6.6270331631868356
test2,11.312052616325964
test2,6.18511709206926
test2,8.012798455491655
test2,9.042709293717271
test2,8.32007409320865
test2,7.282199596036911
test2,10.359633660232682
test2,5.1738889115801125
test2,8.521535727868145
test2,4.971197254495438
test2,7.671734474858431
test2,10.522125277893288
test2,12.58244044243477
test2,10.469753268611553
test2,10.700291232311523
test2,11.935544173794726
test2,7.647080611507034
test2,7.183821048512089
test2,10.23338010425184
test2,8.724612808342169
test2,8.862840841681974
test2,6.296951728636253
test2,7.09415263966665
test2,6.192503198492384
test2,6.977011210599789
test2,7.935708361821223
test2,8.998124495327158
test2,11.846475345312392
test2,8.215789237133139
test2,7.790245913663526
test2,11.18487398208216
test2,10.343835356937603
test2,10.59941546287949
test2,12.79445290935275
test2,8.919156059770398
test2,9.295636908904672
test2,11.316474934276071
test2,8.657835612004572
test2,12.410094537688803
test2,8.83973248700931
test2,9.333324998549044
test2,8.93554109116326
test2,4.130156391394233
test2,7.312392103546439
test2,7.985273452950764
test2,9.814041498563546
test2,8.346924477631271
test2,9.863214255180768
test2,9.76757719263745
test2,11.83137290271815
test2,9.899434687641124
test2,10.962510991173161
test2,10.319221028739786
test2,7.081521949292963
test2,10.645567635504664
test2,5.21512754447434
test2,9.845596028911965
test2,6.037679568066882
test2,11.069915413331762
test2,9.646843147706345
test2,8.030101125726471
test2,11.69017068939632
test2,9.632999452824405
test2,8.281684629239896
test2,8.378229628656323
test2,9.719929378008562
test2,8.175005203878955
test2,10.105013260927503
test2,9.804073142420142
test2,10.60706058336417
test2,10.585091203022142
test2,9.784838949428936
test2,12.37904797641808
test2,9.396441599020257
test2,4.71115304634446
test2,5.8271290246571015
test2,10.183600912871599
test2,11.126797958762873
test2,6.833466597360814
test2,9.2547953679051
test2,9.94203557672183
test2,10.951412890378279
test2,9.634196533639244
test2,9.943025023007939
test2,5.797128471954843
test2,9.682116477025136
test2,9.172085778825048
test2,8.936203011732905
test2,8.891532753118023
test2,7.222432711971788
test2,9.840936649095886
test2,7.010994244873704
test2,8.667520002148333
test2,11.947373209523624
test2,8.641242182644506
test2,10.747858947853796
test2,8.506721778272748
test2,11.789421915745379
test2,12.02391104053946
test2,7.340114082611466
test2,12.105991849720649
test2,9.82389328258999
test2,11.309030844735537
test2,13.282382419374699
test2,11.708215656462658
test2,7.274560280269769
test2,9.71086354987148
test2,7.115441446734198
test2,8.174273894472032
test2,7.615800172007714
test2,11.021122737106156
test2,6.227858135868427
test2,7.408020177963438
test2,5.248422886224968
test2,4.232174621502118
test2,5.968747382153025
test2,10.56010730274969
test2,11.866919822066976
test2,7.133160636076746
test2,9.684346829576704
test2,8.416332269941037
test2,11.52649363850661
test2,7.5453061839515625
test2,8.599648722126135
test2,5.870957490080546
test2,8.887686828443735
test2,10.87944103828504
test2,8.413967456606981
test2,9.141101437000893
test2,13.37522581115633
test2,8.731681825795624
test2,9.414728838121226
test2,10.464606324971822
test2,10.06043010886414
test2,11.67818187167528
test2,9.646846600511575
test2,7.472683199867863
test2,8.884736078047897
test2,8.077915248004333
test2,6.634594361416697
test2,6.96035694742077
test2,12.186376484053692
test2,13.057142115528762
test2,9.819095854832419
test2,7.537786420203016
test2,11.50440302671165
test2,9.78190462817941
test2,6.007173237781709
test2,8.160046132294138
test2,8.738128042543973
test2,9.933533533821189
test2,11.050539765411465
test2,8.067139386938646
test2,10.257726410500371
test2,9.276185952649472
test2,8.93095172162332
test2,6.24303862747605
test2,7.814953273417245
test2,7.0374128594510825
test2,7.723843373575097
test2,7.244423767429243
test2,9.321353761143426
test2,7.469799495266059
test2,10.67852698715749
test2,9.022033991616901
test2,6.125022687077167
test2,7.116895268921786
test2,7.106284356996499
test2,13.24545861869021
test2,7.063243838593671
test2,8.114170284506574
test2,9.432070607947507
test2,11.769207695326768
test2,9.967748195615338
test2,7.991338930726654
test2,10.770892970848726
test2,6.44822155468392
test2,4.952083451867246
test2,8.745624103872892
test2,5.222052569315769
test2,10.887585492115683
test2,9.917957029157556
test2,7.792622473798275
test2,10.80174857570775
test2,7.874785584930086
test2,11.927472919300971
test2,12.444150912383133
test2,5.104374342667565
test2,9.291563227414692
test2,8.604306659788755
test2,11.512688561629798
test2,9.164106440534889
test2,10.02180437253388
test2,6.487912697159564
test2,8.486660331223149
test2,11.133675456244813
test2,8.394125496514938
test2,6.078928810133224
test2,8.59569719539191
test2,10.178876606141856
test2,7.656881708836459
test2,9.510072633778547
test2,8.277444803106949
test2,9.664717013793126
test2,6.602947948850556
test2,9.293273918359894
test2,8.675567312280394
test2,8.952692859995771
test2,7.655178328493035
test2,8.269932900460224
test2,9.978276969931569
test2,4.095193889828574
test2,6.399551559872417
test2,10.04559591290105
test2,8.087681884573062
test2,5.248302330066572
test2,12.306096931025335
test2,11.27163015767686
test2,6.481414249370978
test2,6.979008574672906
test2,5.699951649787708
test2,9.406432645224166
test2,2.810832514806278
test2,7.1438597196032205
test2,8.5960151407302
test2,12.548706973578708
test2,11.877437727531415
test2,7.978722637780906
test2,10.405124545869334
test2,6.49066268592197
test2,9.878935931295436
test2,7.545033486517635
test2,9.511215769684757
test2,11.117922062603283
test2,8.282954024321668
test2,11.2344591444187
test2,4.685947174587121
test2,11.260635933074063
test2,9.62099992074423
test2,6.6444480027263975
test2,10.37134122557736
test2,11.685057777727444
test2,7.2638451132623265
test2,9.119080417541495
test2,10.087341806023861
test2,8.405025589415057
test2,6.115418722226536
test2,12.538538122290896
test2,7.421901308165263
test2,6.0324984279924845
test2,8.088537982673643
test2,8.895965286206987
test2,9.239977284369674
test2,8.90411466200346
test2,8.384964224709393
test2,9.749169494565486
test2,7.78652733096091
test2,9.284068294738272
test2,8.040531569999526
test2,10.253670130357738
test2,9.61185527972317
test2,9.739760133709913
test2,4.957704797471593
test2,7.415145629353674
test2,12.751238239110371
test2,5.3876765636200155
test2,9.252290382938881
test2,8.637971665454199
test2,11.65226022652747
test2,6.456851124919187
test2,10.696779899137429
test2,12.67399807288695
test2,10.904653632884099
test2,9.498624721083155
test2,9.13787895729893
test2,9.523151274899579
test2,5.432289836634439
test2,7.972730312198117
test2,12.230666363218589
test2,7.714052384152487
test2,7.868382531346305
test2,8.301197174943773
test2,9.747276949119309
test2,10.43719487186226
test2,11.441351914290479
test2,5.6515526756747425
test2,9.22531507377732
test2,6.322426112385397
test2,6.6236081728970895
test2,9.907034154268812
test2,10.402948207066776
test2,9.544953993708937
test2,9.064015617860523
test2,11.122452093387905
test2,10.86857808836416
test2,8.384688242463344
test2,6.542218330072065
test2,10.496488415411562
test2,11.125548004598436
test2,8.569228042646266
test2,11.851521901273848
test2,8.808296990051792
test2,11.574083443781678
test2,13.741313660769752
test2,8.265217718330616
test2,4.240966033730102
test2,7.179374336621884
test2,13.01533357197669
test2,8.660084028256602
test2,11.524829611494974
test2,6.91858265104657
test2,10.827044972543852
test2,7.873058512343571
test2,11.22719905143855
test2,5.016361702687401
test2,5.562112578326076
test2,12.405365871270623
test2,4.569964521256701
test2,8.093805241944208
test2,8.91840298264563
test2,8.265546080726882
test2,9.095401948338493
test2,8.29533331327209
test2,10.25648358013194
test2,6.428615124659221
test2,9.209334250881689
test2,7.483230064782607
test2,8.309235882702072
test2,7.946880514620085
test2,9.199258972741694
test2,10.399708527218996
test2,10.073330791777746
test2,10.992027318582846
test2,10.899199118133899
test2,6.163497510772029
test2,9.702425986636031
test2,6.821643876184183
test2,9.312981309048645
test2,9.614589006047064
test2,9.167258362154096
test2,5.938812842128904
test2,11.804834845714275
test2,7.531343970428218
test2,12.152431436476714
test2,12.334372222838843
test2,8.402266048217168
test2,8.041692506583962
test2,11.649017247189352
test2,8.566605728757763
test2,11.206047693280102
test2,7.790919988231554
test2,12.988106737361756
test2,11.425962987016087
test2,11.366041830778075
test2,9.934362336051722
test2,9.95139049707398
test2,9.650725539548661
test2,7.170746704778571
test2,10.873445940284492
test2,12.785576740159467
test2,4.82449161022984
test2,10.488748616678038
test2,12.981613348517781
test2,9.317377376371395
test2,7.973248475707871
test2,6.642006110265902
test2,10.23468337322373
test2,10.56276696300105
test2,8.321322571873703
test2,8.62472863909796
test2,13.096496691826879
test2,9.481117821381465
test2,10.942394916094154
test2,7.322919045013785
test2,9.259531657861709
test2,6.155049588109972
test2,8.041406491619979
test2,4.968491661687381
test2,8.242538410453628
test2,7.100151802165546
test2,11.133151640352896
test2,9.319680351184473
test2,9.854553479205451
test2,8.561276268335375
test2,7.4064231802952305
test2,5.537592915543806
test2,8.932602335913208
test2,6.755642701558893
test2,7.520194026364371
test2,4.857896954866186
test2,8.291245652050831
test2,10.53243373032916
test2,10.690778032054112
test2,9.90388996132922
test2,13.661212592771612
test2,6.792688701828958
test2,8.229787182560122
test2,11.120992892299164
test2,6.057727636567389
test2,6.68980929203518
test2,10.716719019607202
test2,8.769113193490414
test2,7.730982367899872
test2,6.125394165671909
test2,12.052074517219335
test2,9.067060018474082
test2,8.816547741544378
test2,9.337465341907624
test2,12.931290228645523
test2,9.97663318419394
test2,11.305508316912604
test2,8.589244492252933
test2,9.703425927645995
test2,9.505221567663222
test2,8.638432489731274
test2,8.726741390023731
test2,7.5461478415654835
test2,8.030833464400983
test2,8.935537511077698
test2,14.646081467127065
test2,11.964624207570814
test2,13.022039939434356
test2,7.343933814402476
test2,7.598505984526935
test2,8.123205030222906
test2,6.633097446136798
test2,5.543214119173003
test2,10.952587280310489
test2,12.64936275802699
test2,8.543116450220529
test2,8.773199152179684
test2,9.687438543770588
test2,10.420564012875932
test2,8.800972912924484
test2,11.70066826062837
test2,5.9871749603671365
test2,9.739765691704553
test2,8.675597007420032
test2,8.150495348375658
